<?xml version="1.0" encoding="UTF-8"?>
<project-private xmlns="http://www.netbeans.org/ns/project-private/1">
    <editor-bookmarks xmlns="http://www.netbeans.org/ns/editor-bookmarks/2" lastBookmarkId="0"/>
    <open-files xmlns="http://www.netbeans.org/ns/projectui-open-files/2">
        <group>
            <file>file:/C:/Users/Lenovo/OneDrive/Documents/NetBeansProjects/List/src/list/List.java</file>
            <file>file:/C:/Users/Lenovo/OneDrive/Documents/NetBeansProjects/List/src/list/Set.java</file>
            <file>file:/C:/Users/Lenovo/OneDrive/Documents/NetBeansProjects/List/src/list/Student.java</file>
            <file>file:/C:/Users/Lenovo/OneDrive/Documents/NetBeansProjects/List/src/list/LinkedList.java</file>
            <file>file:/C:/Users/Lenovo/OneDrive/Documents/NetBeansProjects/List/src/list/Coin.java</file>
            <file>file:/C:/Users/Lenovo/OneDrive/Documents/NetBeansProjects/List/src/list/Map.java</file>
        </group>
    </open-files>
</project-private>
